dscr,Brand,Sub_Brand
BIC DISPOSABLE LIGHTERS 1S,BIC,
CASABLANCA KIWI W/BASIL SEED DRNK GLASS BOTTLE 290ML,CASABLANCA,
PUR TROPIX KIWI BASIL SEED DRINK GLS BTL 290ML(#70737),PUR TROPIX,
PUR TROPIX STRAWBERRY BASIL SEED DRINK GLASS BTL 290ML,PUR TROPIX,
RAW ROLLING PAPER CONE 1/4 6S,RAW,
ACQUA DI PARMA INSIEME ROOM DIFFUSER 180ML 1S,ACQUA DI PARMA,
ALLSAINTS SUNSET RIOT RAU DE PERFUM 2PC 100ML 1S,ALLSAINTS,
ANNEMARIE BORLIND HYALURONIC ACID EYE PADS 6S,ANNEMARIE BORLIND,
AS I AM JAMAICAN BLACK CASTOR OIL LEAVE IN 237ML,AS I AM,
ASSURE PREGNANCY TEST 1S (#02301),ASSURE,
BASE VIT D 1000IU LIQUID 40ML,BASE,
BASE OMEGA 3 EPA 3450MG SOFTGELS 120S,BASE,
BEAUTY BAKERIE EYELASH ICING WATERPROOF 1S (#00135),BEAUTY BAKERIE,
BEAUTY BAKERIE EYELASH ICING WATERPROOF 1S,BEAUTY BAKERIE,
BELL SPRING ROOM SPRAY ORANGE STRWBRY AR FRSHNR 240ML,BELL SPRING,
BENEFIT BLUSH TERRA GOLDEN BRICK RED 1S (#13853),BENEFIT,
BENEFIT DALLAS POWDER BLUSH ROSY BRONZE 1S (#40067),BENEFIT,
BENEFIT DALLAS POWDER BLUSH 1S,BENEFIT,
BENEFIT BLUSH MOONE RICH BERRY 1S (#13844),BENEFIT,
BENEFIT BLUSH DANDELION BABY PINK BRIGHTENG 1S (#13823,BENEFIT,
BENEFIT BLUSH BUTTERFLY GOLDEN ORANGE 1S (#13847),BENEFIT,
BEURER BLOOD PRESSURE MONITOR WHITE 1S,BEURER,
BIOMEDIC TOE STABILIZER GEL TUBES SMALL 2S (CL),BIOMEDIC,
BIOMEDIC NICOTINE TABLETS 1MG 108S (CL),BIOMEDIC,
BIOMEDIC HEEL SOLES 2S (CL),BIOMEDIC,
BIOMEDIC NICOTINE TABLETS 2MG 108S (CL),BIOMEDIC,
BKIND SHAMPOO BAR PLUMERIA FLOWER 55GM,BKIND,
BKIND NOURISHING HAND BALM MANDARIN & GRAPEFRUIT 50GM,BKIND,
BKIND SHAMPOO BAR TEA TREE & PEPPERMINT 55GM,BKIND,
BLEU LAVANDE SHOWER GEL LAVENDER REFILL 1LT,BLEU LAVANDE,
BLIS PROBIOTICS K12 FRSH BRTH NTRL PEPPRMNT LOZNGS 40S,BLIS PROBIOTICS,
BOBBI BROWN SKIN CORRECTOR STK DEEP PEACH 1S (#25905),BOBBI BROWN,
BOBBI BROWN SHEER FINISH LOOSE 05SOFT SAND 1S (#25461),BOBBI BROWN,
BOBBI BROWN INTENSIVE SKN SRM FDTN 04 NTRL 1S (#22916),BOBBI BROWN,
BOBBI BROWN SHEER FINISH LOOSE WARM NTRL 1S (#28462),BOBBI BROWN,
BOBBI BROWN SHEER FINISH LOOSE 01 PALE YELLOW1S(#28457,BOBBI BROWN,
BUTTER LONDON XX FROM LONDON SET 1S (#03558),BUTTER LONDON,
BUTTER LONDON JELLY PRSRV STRNGNG TRTMNT BRMLYAPL 11ML,BUTTER LONDON,
BUTTER LONDON SET 1S,BUTTER LONDON,
CAFE EXPRESS HINGED BAGASSE CONTAINER 6X6IN 50S,CAFE EXPRESS,
CAREONE INTENSE MOISTURIZNG BDY LTN COCOA DIVINE 725ML,CAREONE,
CAREONE ADVANCED RECOVERY BODY LOTION DRY SKIN 725ML,CAREONE,
CHANEL LE CRAYON YEUX PRECISN EYE DFNLN 58BRY1S(#81584,CHANEL,
CHANEL LES BEIGES WATER FRESH BLUSH 1S,CHANEL,
CHANEL LES BEIGES HLTHY GLW H&L FNDTN BD61 1S(#84744),CHANEL,
CHANEL LE CRAYON YEUX PRECSN EYDFNLN 66BRNCVR1S(#81024,CHANEL,
CHANEL LE CRAYON YEUX PRECISN EYDFNLN 01NRBLK1S(#81014,CHANEL,
CHANEL LE CRAYON KHOL INTENS PNCL LNR 62AMBR 1S(#87625,CHANEL,
CHANEL LES BEIGES WATER FRESH BLSH LIGHTPINK 1S(#84930,CHANEL,
CHANEL LE CRAYON YEUX PRECISN EYDFNLN 02BRNTK1S(#81024,CHANEL,
CHANEL ULTRA LE TEINT ADCFF CMPT FNDTN BD121 1S(#72744,CHANEL,
CHANEL LE CRAYON YEUX PRECISN EYDFNLN71BLKJDE1S(#81714,CHANEL,
CHINA GLAZE TROPIC LIKE ITS HOT 1S (#84903),CHINA GLAZE,
CHRISTIAN DIOR ROUGE CONTOUR LPLNR 028ACTRICE1S(#52382,CHRISTIAN DIOR,
CIF PROFESSIONAL CREAM CLEANER CITRON LIQUID 750ML,CIF,
CLARINS HYDRA ESSENTIEL HYDRATING MULTPRTCTN MIST 75ML,CLARINS,
COMPLIMENTS NICOTINE GUM FRESH FRUIT 2MG 105S (CL),COMPLIMENTS,
CREATIVE CONVERTING BUTTERFLY PAPAR PLATES 7IN 8S,CREATIVE CONVERTING,
DERM INSTITUTE YOUTH ALCHEMY EYE CREAM 15ML,DERM INSTITUTE,
DIOR EYE & LIP MAKEUP REMOVER 125ML,DIOR,
DOVE INTENSE REPAIR LIQUID DAMAGED HAIR 532ML,DOVE,
DOVE PINK MOISTURISING CREAM REGULAR 4S 400GM,DOVE,
DOVE INTENSE REPAIR DAMAGED HAIR 532ML,DOVE,
DR BROWNS OPTION PLS NTRLFLW BABY BTL BLU 8OZ 237ML 4S,DR BROWNS,
DR BROWNS SLOTH LNG LIMB TEETHER GRAY 1S,DR BROWNS,
DR BROWNS BUNNY LONG LIMBED TEETHER 1S,DR BROWNS,
ENVI BOOST WATERMELON ICE 20MG (#05799),ENVI BOOST,
EQUATE MULTI ACTION MEDIUM ADULT 1S (CL),EQUATE,
ESSENTIEL CONCENTRATED BLEACH LIQUID 2.4LT (CL),ESSENTIEL,
ESSIE MINI BORDEAUX 1S INPK#54190,ESSIE,
ESSIE MINI SUMMIT OF STYLE 1S INPK#54190,ESSIE,
FAMIDOC FOREHEAD & EAR INFRARED THERMOMETER 1S,FAMIDOC,
FISHERMANS FRIEND HNYLMN SCRSFR LZNG TWNPK2X22S(#00002,FISHERMANS FRIEND,
HARRYS REDWOOD BATH 1S 161GM,HARRYS,
HEALTH ONE MULTI VIT W/MINERALS CHEWABLES 150S (CL),HEALTH ONE,
HEALTH SMART STERILE ANTIBACTERIAL SHIELD BANDAGES 30S,HEALTH SMART,
HEALTH SMART STERILE EXTRA LARGE BANDAGES 10S,HEALTH SMART,
HEMPZ MASH UPS ZEN&ZESTY HERBAL BODY MOISTURIZER 500ML,HEMPZ,
HERB E CONCEPT COLLAGEN BAMBOO GLUCOSAMINE VEGICAPS90S,HERB E CONCEPT,
HISTOIRE DE BULLES TULIP REGULAR 1S 80GM,HISTOIRE DE BULLES,
HUMMER CHROME AEROSOL 200ML,HUMMER,
HUMMER H2 RED AEROSOL 200ML,HUMMER,
HUMMER LEGENDARY AEROSOL 200ML,HUMMER,
IDEAL HOME RANGE LEMON TREE LNCH NPKNS 3PLY33X33CM 20S,IDEAL HOME RANGE,
IDEAL HOME RANGE CUTLERY WHITE SLVR LNCH NPKNS 3PLY20S,IDEAL HOME RANGE,
IDEAL HOME RANGE MONET PRINTEMPS LUNCH NPKNS 3PLY 20S,IDEAL HOME RANGE,
IDEAL HOME RANGE LUNCH NAPKINS CITRONS GREY 3PLY 20S,IDEAL HOME RANGE,
IDEAL HOME RANGE LUNCHEON NAPKINS GONE FSHNG 3PLY 20S,IDEAL HOME RANGE,
ITZY RITZY TEETHING MITT SUN 1S,ITZY RITZY,
J CAT BEAUTY PERFECT BROW DUO PNCL JETBLACK 1S(#57635),J CAT BEAUTY,
J CAT BEAUTY STAYSURANCE CNCLR 106 BANANA 1S (#61044),J CAT BEAUTY,
J CAT BEAUTY PRIS METAL CHROME EYE MOUSSE 1S (#61067),J CAT BEAUTY,
JACK 59 SERENITY CONDTNR BAR FINE HR&SNSTV SCLPS 100GM,JACK 59,
JACK 59 VITALITY CONDITIONER BAR OILY HAIR 100GM,JACK 59,
JUUL POD VIRGINIA TOBACCO 1.5% 18MG 2S (#21801),JUUL,
KAT BURKI ROSE HIP HYALURON LIP TREATMENT TUBE 15ML,KAT BURKI,
KYLIESKIN LIP OIL 6ML SET,KYLIESKIN,
LAURA MERCIER TINTED MOISTURIZER BLUSH 1S,LAURA MERCIER,
LAURA MERCIER INNER EYE DFNR PNCL BLCKNAVY 1S (#15558),LAURA MERCIER,
LAURA MERCIER TINTED MSTRZR LGTRVLR SPF25 4 1S(#04022),LAURA MERCIER,
LAURA MERCIER TINTED MSTRZR BLSH SOUTHBOUND 1S(#01848,LAURA MERCIER,
LESIDE NATURALS BODY CREAM SHEA BUTTER 227GM,LESIDE NATURALS,
LEUKOPLAST CLSC FABRIC PLASTERS 7.2CM X 2.2CM 100S,LEUKOPLAST,
LIFE NICOTINE LOZENGES MINI 2MG 81S (CL),LIFE,
LIGGETT DUCAT BOLD MAX KS SQ 10X20S,LIGGETT DUCAT,
LISE WATIER LOVE MY LIPS CARINGLO ROSEHIP 1S (#51731),LISE WATIER,
LOLO SPF45 SUNSCREEN CREAM OLIVE OIL TUBE 150GM,LOLO,
LOLO SPF45 SUNSCREEN UNSCENTED CREAM OLIVE OIL TUB75GM,LOLO,
LOOKY MATTE LQD LIPSTICK 03 DIVA 1S (#03221),LOOKY,
LOOKY MATTE LQD LIPSTICK 02 DRAMA QUEEN 1S (#03220),LOOKY,
LUCIANO FLEXIBLE DRINKING STRAW 100S,LUCIANO,
LYSOL DESINFECTAER CN SC350 W/F LYS LQD 425ML IN PACK,LYSOL,
LYSOL LQD 425W/TBCL 450MW/CNT SCTSPRAY 175 GM IN#50002,LYSOL,
LYSOL LQD 450W/DEO LQ425W/BTT 425W/CNT SCSP 175GM INPK,LYSOL,
LYSOL LQD 450W/LQDCL 425W/CNT SCNSPRAY 175GM IN PACK,LYSOL,
LYSOL DIS AERSLVARIOUS 350W/F LIQUID 425ML IN PACK,LYSOL,
LYSOL DISINFECTANT ARSL SPRNGWTR 350GM W/WPS35 IN PACK,LYSOL,
LYSOL LIQUID REGULAR 710ML INPACK,LYSOL,
LYSOL VARIOUS SPR175 W/TBC 450MLW/CL LQD 425ML IN#0002,LYSOL,
LYSOL LIQUID 425F/WLYSDISINFECTAER CN SC350GM IN#50707,LYSOL,
LYSOL DISINFECTANT AEROSOL SPRING 350GM IN PACK #79815,LYSOL,
LYSOL DISINFECTANT AERSL CRSP LINEN 350GM INPACK#79816,LYSOL,
LYSOL LQD 450W/DEO LQ425W/BTT 425W/CNT SCSP 175GM#0001,LYSOL,
LYSOL DIS AERSLVARIOUS 350W/F LIQUID 425ML IN#50101,LYSOL,
LYSOL H H LQ425W/TBCL450W/BTT425W/CNT SC SP175GM #0001,LYSOL,
LYSOL KITCHENPRO DAILY CLEANER TRGRSPRY 650ML IN PACK,LYSOL,
LYSOL DESINFECTAER CN SC350 W/F LYS LQD 425ML IN#50707,LYSOL,
LYSOL DISINFECTANT AEROSOL CRISP LINEN 350GM IN#81133,LYSOL,
LYSOL LIQUID REGULAR 710ML IN PACK,LYSOL,
LYSOL DISINFECTANT ARSL SPRNGWTR 350GM W/WPS35IN#79140,LYSOL,
LYSOL LIQUID 425 F/W DIS AERSLREGULAR 350 GM IN#50101,LYSOL,
LYSOL LQD 450W/LQDCL 425W/CNT SCNSPRAY 175GM IN#50002,LYSOL,
LYSOL VARIOUSSP175W/HHLQ425W/TBCL450W/BTT 425GM #0001,LYSOL,
LYSOL LAUNDRY ADDITIVE CRSP LNEN LQD 1.2LT IN PACK,LYSOL,
LYSOL LAUNDRY ADDITIVE CRISP LINEN LQD 1.2LT IN PACK,LYSOL,
MADAME PEARL HERBAL THROAT LOZENGES 24GM,MADAME PEARLS,
MADISON SPOONS PLASTIC WHITE 36S,MADISON,
METHOD 4X FREE&CLEAR LIQUID 66USES 1.58LT,METHOD,
MICHEL DESIGN WORKS MAGNOLIA COCKTAIL NAPKINS 20S,MICHEL DESIGN WORKS,
MOONSHINE MAMAS TURMERIC ELIXIR SOUR CHERRY LQD 60ML,MOONSHINE MAMAS,
MUNCHKINS MIRACLE 360 TRAINER CUP PURPLE 7OZ 207ML 1S,MUNCHKINS,
MUNCHKINS ANY ANGL WGHTD STRW TRNR CP GRN 7OZ 207ML 1S,MUNCHKINS,
NARS AQUA INFUSED MAKEUP REMOVING WATER 200ML,NARS,
NEAL'S YARD REMEDIES SENSITIVE & SMOOTH SERUM 30ML,NEALS YARD REMEDIES,
NELLIES LAUNDRY SODA POWDER 50LOADS 750GM,NELLIES,
NEST APPLE BLOSSOM CLASSIC CANDLE 230GM 1S,NEST,
NEST WILD MINT&EUCALYPTUS MISTING DIFFUSER SET 21ML 1S,NEST,
NEST RATTAN BAMBOO REED DIFFUSER 175ML 1S,NEST,
NEST OCEAN MIST & SEA SALT CLASSIC CANDLE 200GM 1S,NEST,
NEST PALO SANTO&CEDARWOOD MISTING DIFFUSER OIL 15ML 1S,NEST,
NIXON HONEY MINT LIP BALM 4GM,NIXON,
NOORI SOAP ARTISAN INDIGO BATH 1S 125GM,NOORI SOAP,
NUDESTIX MAGNETIC MATTE LIP COLOR BLOSSOM 1S (#01000),NUDESTIX,
NUDESTIX MAGNETIC MATTE LIP COLOR 1S,NUDESTIX,
NATRAZUL MULTI VIT KIDS EFFERVESCENT TABLETS 20S,NUTRAZUL,
OH K LAVENDER SHEET MASK 25ML,OH K,
OPTION+ BASE CREAM 100GM (CL),OPTION +,
OPTION + ANT ACD750MG ULTRSTRNTH ASSRTDFRT TBLT100S(CL,OPTION +,
OPTION+ BASE CREAM 100GM (CL)(#01749),OPTION +,
OPTION+ GEL & FABRIC TOE TUBE 1S (CL),OPTION+,
ORGANIKA PLANT BASED COLLAGEN BOOSTER POWDER 5GM,ORGANIKA,
ORLANE ANTI FATIGUE FLASH EYE MASK 30ML,ORLANE,
PACIFICA BODY LOTION COCONUT CREAM 147ML,PACIFICA,
PERSONNELLE GEL LIP GLOSS MELON 1S (CL) (#06129),PERSONNELLE,
PERSONNELLE GEL LIP GLOSS 1S (CL),PERSONNELLE,
PERSONNELLE GEL LIP GLOSS ANANAS 1S (CL) (#06125),PERSONNELLE,
PERSONNELLE HYPALRGC NNADHSV DRSNG PDS 5CMX7.5CM10S(CL,PERSONNELLE,
PERSONNELLE GEL LIP GLOSS PECHE 1S (CL) (#06130),PERSONNELLE,
PERSONNELLE GEL LIP GLOSS FRAISE 1S (CL) (#06127),PERSONNELLE,
PERSONNELLE FREEZER BABY CONTAINER 4S (CL),PERSONNELLE,
PERSONNELLE GEL LIP GLOSS ORANGE 1S (CL) (#06128),PERSONNELLE,
PERSONNELLE GEL LIP GLOSS RAISIN 1S (CL) (#06126),PERSONNELLE,
PHYTO POLLEINE BOTANICAL SCALP TREATMENT 20ML,PHYTO,
PLUME NOURISH & DEFINE BROW POMDE CHSTNTDCDNC1S(#05922,PLUME,
PURE TANGERINE 500ML,PURE,
PUREX 4IN1 AFTER THE RAIN GEL PACS 80USES 1.2KG,PUREX,
QUO BEAUTY CLEANSING PADS 7S (CL),QUO,
RAY GOLD FACIAL MASK 10S 350GM,RAY,
RELAXUS ESSENTIAL AROMATHERAPY OIL BREATHE EASY 10ML,RELAXUS,
RELX ESSENTIAL DEVICE KIT VIOLET 1S,RELX,
ROCHE POSAY WATERPROOF EYE MAKEUP REMOVER SENSITV 50ML,ROCHE POSAY,
SAFECROSS TRIANGULAR BANDAGE 40IN X 40IN 1S,SAFECROSS,
SCENTSATIONALS LINEN&RM FRESH COTTON TRGRSPY 237ML(CL),SCENTSATIONALS,
SCENTSATIONALS LINEN&RM SPRMNT&RSMRY TRGRSPY 237ML(CL),SCENTSATIONALS,
SCENTSATIONALS LINEN&ROOM CHRY BLMS TRGRSPRY 237ML(CL),SCENTSATIONALS,
SCENTSATIONALS LINEN&ROOM LVNDR&CHML TRGRSPY 237ML(CL),SCENTSATIONALS,
SCENTSATIONALS LINEN&RM PPRMNT&LVNDR TRGRSPY 237ML(CL),SCENTSATIONALS,
SCENTSATIONALS LINEN&ROOM VNL&SNDLWD TRGRSPY 237ML(CL),SCENTSATIONALS,
SCENTSATIONALS LINEN&ROOM LVNDR VNLL TRGRSPY 237ML(CL),SCENTSATIONALS,
SCENTSATIONALS LINEN&ROOM LMN&TNGRN TRGRSPRY 237ML(CL),SCENTSATIONALS,
SCENTSATIONALS LINEN&RM STRWBRY FLD TRGRSPY 237ML(CL),SCENTSATIONALS,
SCENTSATIONALS SCENT CHARM DIFFUSER SEA TURTLE 1S (CL),SCENTSATIONALS,
SCENTSATIONALS SCENTCHARM OIL CASHMERE VNLL 24ML (CL),SCENTSATIONALS,
SCENTSATIONALS LNN&RM ECLYPTS&SE SLT TRGRSPY 237ML(CL),SCENTSATIONALS,
SCENTSATIONALS LINEN&ROOM ALOHA BRZ TRGRSPRY 237ML(CL),SCENTSATIONALS,
SCENTSATIONALS SCENTCHARM OIL STARRY SKY 24ML (CL),SCENTSATIONALS,
SCENTSATIONALS SCENTCHARM OIL SPRKLNG STRWBRY 24ML(CL),SCENTSATIONALS,
SHISEIDO POP POWDERGEL SPARKLING GOLD 1S(#17717),SHISEIDO,
SHISEIDO COLORGEL LIPBALM LIPSTICK SAKURA 1S (#15333),SHISEIDO,
ST MORIZ PROFESSIONAL MEDM DRK TANING MOUSSE PMP 200ML,ST MORIZ,
ST TROPEZ GRADUAL TAN CLASC DAILYUTH BSTNG CRM TUB50ML,ST TROPEZ,
SUN BUM COOL DOWN AFTER SUN ALOE GEL TUBE 177ML,SUN BUM,
TA PEAU TON FRUIT WILD BLUEBERRY ENZYMTC FCEXFLNT 30ML,TA PEAU TON FRUIT,
THE BATH HAUS HAND & NAIL CREAM ASSORTD 150ML TRIO SET,THE BATH HAUS,
THINKSPORT SPF50 WR KDS ALSHR MNRL SNSCN CNTSPRY 177ML,THINKSPORT,
TONIX XTREME FOR MEN STEEL AEROSOL 240ML,TONIX XTREME,
TOUCHY MANICURE NAIL BRUSH 1S,TOUCHY,
TRULY SMOOTH LEGEND PRE SHAVE BODY SCRUB 120ML(CL),TRULY,
TRULY UNICORN FRUIT WHIPPED BODY BUTTER 38ML(CL),TRULY,
TRULY WHIPPED MATCHA FACE SCRUB 120ML (CL),TRULY,
UNIQUE PLATES NEON YELLOW 9IN 16S,UNIQUE,
UNIQUE NEON PURPLE PLATE 7IN 20S,UNIQUE,
UNIQUE MARVELS YELLOW CUPS 9OZ 8S,UNIQUE,
UNIQUE TEAL LUNCH NAPKINS 50S,UNIQUE,
UNIQUE PLATE YELLOW PLAIN 7IN 20S,UNIQUE,
CLUGGING LITTER 18KG 1S,UNKNOWN,
MAREE RED RASPBERRY CANDLE 270ML 1S,UNKNOWN,
CITRONELLA CANDLE 1S (#17388),UNKNOWN,
BWFH WILLIAMSBURG SLEEPOVER CANDLE 1S,UNKNOWN,
SILICONE REUTLISABLE STRAW 1S,UNKNOWN,
BWFH SWEETER THINGS CANDLE 1S,UNKNOWN,
DISNEY PRINCESS PLASTIC CUP 16OZ 1S,UNKNOWN,
WATERMELON UNSCENTED CANDLE 1S,UNKNOWN,
BWFH FRAGRANCED MUSKOKA CANDLE 1S,UNKNOWN,
BWFH GOOD THOUGHTS CANDLE 1S,UNKNOWN,
UOMA BROW FRO BLOW OUT VOLUMIZING GEL POMADE 1S(#06131,UOMA,
UOMA AFRO DIS IAC CLEOPATRA INK LQD EYLNR BLK1S(#06114,UOMA,
UOMA AFRO DIS IAC CLEOPATRA INK LIQUID EYELINER 1S,UOMA,
UOMA BROW FRO BLOW OUT VOLUMIZING GEL POMADE 1S,UOMA,
VERB TONING&HYDRATING PURPLE MASK BLOND/GRY/SLVR 180GM,VERB,
WAHL LITHIUM ION ALL IN ONE 7PC FACE TRIMMER,WAHL,
WILD PRAIRIE HAND & BODY LOTION GRAPEFRUIT 240ML,WILD PRAIRIE,
WOODWICK TRILOGY AMETHYST & AMBER CANDLE 21.5OZ 1S,WOODWICK,
LANCOME ABSOLUE PRECIOUS CELLS RVTLZNG ROSE LOTN 150ML,LANCOME,ABSOLUE
BEEKMAN ARCADIA GOAT MILK LIP BALM STICK 4.2GM,BEEKMAN,ARCADIA
ORLANE B21 EXTRAORDINAIRE VIVIFYING TREATMENT LTN250ML,ORLANE,B21
BARE ESCENTUALS BAREMINERALS SKNLNGVITY SRUM MINI 15ML,BARE ESCENTUALS,BAREMINERALS
BARE ESCENTUALS BAREMINERAL ORGNL LMF NEUTRA 1S(#57707,BARE ESCENTUALS,BAREMINERALS
BARE ESCENTUALS BAREMINERLS MNRLST LGB ADVNTR1S(#00780,BARE ESCENTUALS,BAREMINERALS
BARE ESCENTUALS BARMNRLS BRPR 16HFND LT20NTRL1S(#00699,BARE ESCENTUALS,BAREMINERALS
URIAGE BARIEDERM CICA FISSURES STICK 22GM,URIAGE,BARIEDERM
LYSOL CTTG PCKBN TTL AR500W/CNSCSP350W/LQ800ML IN#0012,LYSOL,BASIN TUB & TILE
LYSOL B/T/T 425W/TBCL425W/CNT SC SP 175 GM INPK#50001,LYSOL,BASIN TUB & TILE
LYSOL CTTG PKBSN T TLE500W/RGSP350W/LIQ 800ML IN#50022,LYSOL,BASIN TUB & TILE
ZIPLOC BIG BAGS STORAGE BAGS LARGE 38X38CM 5S,ZIPLOC,BIG BAG
ZIPLOC BIG BAGS STORAGE BAGS XLARGE&XXLARGE 18X22CM 2S,ZIPLOC,BIG BAG
ZIPLOC BIG BAGS STORAGE BAGS XXLARGE 18X22CM 8S,ZIPLOC,BIG BAG
ZIPLOC BIG BAGS STORAGE BAGS XLARGE 18X22CM 2S,ZIPLOC,BIG BAG
ZIPLOC BIG BAGS DRY STORAGE LRG&XL&XXL BAGS 18X22CM 3S,ZIPLOC,BIG BAG
ZIPLOC BIG BAGS STORAGE BAGS JUMBO 60X82CM 3S,ZIPLOC,BIG BAG
ZIPLOC BIG BAGS STORAGE BAGS LARGE 38X38CM 5S (#00006),ZIPLOC,BIG BAG
ZIPLOC BIG BAGS STORAGE BAGS XLARGE 60X51CM 4S,ZIPLOC,BIG BAG
NORDORA BIOVITALITY ANTI AGING MAKE UP RMVR MILK 120ML,NORDORA,BIOVITALITY
NORDORA BIOVITALITY ANTI AGING SERUM 30ML,NORDORA,BIOVITALITY
SCHWARZKOPF BLONDME ALL BLONDES DETOX LIQUID 300ML,SCHWARZKOPF,BLONDME
SCHWARZKOPF BLONDME COOL BLONDES NEUTRALIZING LIQD 1LT,SCHWARZKOPF,BLONDME
TOO FACED BORN THIS WAY MT24HR SL FNDN WRMSND1S(#70643,TOO FACED,BORN THIS WAY
AIRWICK BTNC SCNTDOL KT FRSPNPL&TNSNRSMRY20ML IN PACK,AIRWICK,BOTANICA
BLUE BUFFALO TASTEFULS ENTREE CHCKN&TRKY PT CN 12X74GM,BLUE,BUFFALO
UPPER CANADA BYE BYE GERMS INTSV RPR HC AL&TEATR 200ML,UPPER CANADA,BYE BYE GERMS
ELF CAMO FOUNDATION 425 TAN N 1.0 1S (#83027),ELF,CAMO
ARM&HAMMER CLEAN&SIMPLE COLDWATER CL&CRSP 35US 1.81LT,ARM&HAMMER,CLEAN & SIMPLE
ESSIE CORE MINI V2 HOLIDAY 2021 KIT 1S,ESSIE,CORE
LYSOL CTTG PKLIQ 800W/REGSPR350W/BSN TB TL 500ML#50022,LYSOL,COTTAGE PACK
LYSOL CTTG PKLIQ 800W/REGSPR350W/BSN TB TL 500ML IN PK,LYSOL,COTTAGE PACK
LYSOL CTTG PKCNTSCSPW/350W/LIQ 800W/BN TTLAR500ML#0012,LYSOL,COTTAGE PACK
LYSOL CTTG PACKREGSPR350W/LQ800W/BSN T TLE500ML #50022,LYSOL,COTTAGE PACK
LYSOL CTTG PKLQ800W/CNSC SP 350W/BN T TLR500ML IN PACK,LYSOL,COTTAGE PACK
LYSOL CTTG PKLQ800W/CNSC SP 350W/BN T TLR500ML IN#0012,LYSOL,COTTAGE PACK
CLARINS CREME MASVELT BODY SHAPING CREAM 200ML SET2022,CLARINS,CREME MASVELT
BENEFIT DANDELION TWINKLE POWDER HIGHLIGHTER1S(#13875),BENEFIT,DANDELION TWINKLE
VICHY DERCOS ANTDNDRF NRML&DRY LQD DUO ST 2X200ML 2022,VICHY,DERCOS
CHRISTIAN DIOR DIOR FOREVER MT SC FDT 4W 1S (#61206),CHRISTIAN DIOR,DIOR FOREVER
CHRISTIAN DIOR DIOR FOREVER MT SC FDT 2WP 1S (#61197),CHRISTIAN DIOR,DIOR FOREVER
CHRISTIAN DIOR DIORSHOW OS LQDEL WP 866STNMRN1S(#59611,CHRISTIAN DIOR,DIORSHOW
CHRISTIAN DIOR DIORSHOW ONSTBRWGL 03 BRWN 1S (#59614),CHRISTIAN DIOR,DIORSHOW
CHRISTIAN DIOR DIORSHOW ONSTBRWGL 00 UNVRSL 1S(#59616),CHRISTIAN DIOR,DIORSHOW
CHRISTIAN DIOR DIORSHOW 24HWR BLDB VLM BLUE 1S(#59190,CHRISTIAN DIOR,DIORSHOW
LYSOL DISINFECTANT AEROSOL CRISP LN 350GM W/WPS35 INPK,LYSOL,DISINFECTANT
LYSOL DISINFECTANT WPS SPNGWTR 35SW/SPRY350GM IN#79140,LYSOL,DISINFECTANT
LYSOL DISINFECTANT WIPES CRISP LINEN 35S IN PACK,LYSOL,DISINFECTANT
LYSOL DISINFECTANT AIRFRS ARSL TRPCLBRZ 425GM IN#99285,LYSOL,DISINFECTANT
LYSOL DISINFECTANT SPRAY AEROSOL 539GM INPK#98053,LYSOL,DISINFECTANT
LYSOL DISINFECTANT AEROSOL CRSP LINEN 350GM INPK#56108,LYSOL,DISINFECTANT
LYSOL DISINFECTANT AEROSOL CRISP LIN 350GM INPK#83657,LYSOL,DISINFECTANT
LYSOL DISINFECTANT AEROSOL CRISP LINEN 350GM IN#00087,LYSOL,DISINFECTANT
LYSOL DISINFECTANT AEROSOL CRISP LNN 350GM INPK#99862,LYSOL,DISINFECTANT
LYSOL DISINFCTNT AIRFRSH ARSL CCMBSPLS425GM INPK#56108,LYSOL,DISINFECTANT
ADVIL PEDIATRIC IBUPROFEN DROPS DYE FR GRP 24ML,ADVIL,DYE FREE
ZIPLOC ENDURABLES CONTAINER SMALL 473ML 18X22CM 1S,ZIPLOC,ENDURABLES
ZIPLOC ENDURABLES STORAGE POUCH LARGE 1.89LT 18X22CM1S,ZIPLOC,ENDURABLES
ZIPLOC ENDURABLES STORAGE POUCH MEDIUM 473ML 18X22CM1S,ZIPLOC,ENDURABLES
ZIPLOC ENDURABLES CONTAINER MEDIUM 946ML 18X22CM 1S,ZIPLOC,ENDURABLES
CALVIN KLEIN EUPHORIA SENSUAL BODY LOTION 200ML #73570,CALVIN KLEIN,EUPHORIA
NIVEA GEL DOUCHE FRESH BLENDS 500ML,NIVEA,FRESH BLENDS
BENEFIT GIMME BROW+ VOLUMIZING EBGL JUMBO 01 1S(#13122,BENEFIT,GIMME BROW+
SUKIN HAIRCARE DEEP CLEANSE OILY&CNGSTD SCLP LQD 500ML,SUKIN,HAIRCARE
PIXI PLUS HELLO KITTY TNC GLYCLC ACD EXFLTNG TNR 100ML,PIXI,HELLO KITTY
PIXI PLUS HELLO KITTY GLWTNC GLYCLACD EXFTNR 250ML(CL),PIXI,HELLO KITTY
BENEFIT HOOLA MATTE BRONZER CARAMEL 1S (#13887),BENEFIT,HOOLA
BENEFIT HOOLA MATTE POWDER BRONZER 1S,BENEFIT,HOOLA
BENEFIT HOOLA MATTE BRONZER LITE 1S (#13826),BENEFIT,HOOLA
BENEFIT HOOLA MATTE BRONZER TOASTED 1S (#13884,BENEFIT,HOOLA
BENEFIT HOOLA MATTE POWDER BRONZER 1S (#07038),BENEFIT,HOOLA
HUGO BOSS HUGO DEO STICK 75ML INPACK#92327,HUGO BOSS,HUGO
HUGO BOSS HUGO EDT SPRY 125ML DEOSTK 75ML SG50ML SET22,HUGO BOSS,HUGO
HUGO BOSS HUGO EDT SPRAY 125ML INPACK#92327,HUGO BOSS,HUGO
HUGO BOSS HUGO MENS SHOWER GEL 50ML INPACK#92327,HUGO BOSS,HUGO
SCHICK HYDRO SKIN CMFRT DRY SKN 5 BLDSECRT 6S VALUE PK,SCHICK,HYDRO
SCHICK HYDRO SKIN CMFRT DRY SKN W/5BLDSECRT1S IN#01009,SCHICK,HYDRO
SCHICK HYDRO SKIN CMFRT DRY SKN 5 BLDSECRT 6S IN#01009,SCHICK,HYDRO
PACIFICA ISLAND VANILLA CLMG BL ALMNDOL VNL&CHML 165ML,PACIFICA,ISLAND VANILLA
FOREO ISSA HYBRID WAVE REPLACEMENT BRUSHHEAD MINT 1S,FOREO,ISSA
FOREO ISSA HYBRID REPLACEMENT BRUSH HEAD FUCHSIA 1S,FOREO,ISSA
FOREO ISSA HYBRID WAVE REPLACEMENT BRUSHHEAD PRLPNK 1S,FOREO,ISSA
FOREO ISSA 3 ULTRA HYGIENIC SONIC POWER FUCHSIA 1S,FOREO,ISSA 3
COVERGIRL LASHBLAST CLEAN VOLUME 810 BLK BRWN1S(#34860,COVERGIRL,LASHBLAST
CHANEL LE VERNIS 931 MOON SHELL 1S (#59931),CHANEL,LE VERNIS
CHANEL LE VERNIS 927 BLANC ECUME 1S (#59927),CHANEL,LE VERNIS
CHANEL LE VERNIS 929 PASTEL SAND 1S (#59929),CHANEL,LE VERNIS
CHANEL LE VERNIS 933 CAP CORAIL 1S (#59933),CHANEL,LE VERNIS
CHANEL LE VERNIS 925 ROSE COQUILLAGE 1S (#59925),CHANEL,LE VERNIS
CHANEL LE VERNIS 935 SEA SEA GREEN 1S (#59935),CHANEL,LE VERNIS
NUDESTIX MAGNETIC NUDE GLIMMERS BRNZNG BABE 1S(#00123),NUDESTIX,MAGNETIC
NUDESTIX MAGNETIC NUDE GLIMMERS 1S,NUDESTIX,MAGNETIC
ESSIE MINI FOREVER YUMMY 1S INPK#54190,ESSIE,MINI
CLARINS MULTI ACTIVE ANTOXIDANT DAY CREAM AS 50ML SET,CLARINS,MULTI ACTIVE
CLARINS NUTRI LUMIERE NRSHNG RVTLZNG DAY CREAM 50ML ST,CLARINS,NUTRI LUMIERE
ACQUA DI PARMA PEONIA NOBILE SPARKLING OIL 100ML,ACQUA DI PARMA,PEONIA NOBILE
SOAP & GLORY PERFECT ZEN FMNG BTH&SHWR OIL LVNDR 200ML,SOAP & GLORY,PERFECT ZEN
PROACTIV PLUS PORE TARGETING SOLUTION 30ML(#10086),PROACTIV,PLUS
TOUCHLAND POWERMIST ALOEVERA MSTRZNG HND SNTZR 38ML,TOUCHLAND,POWERMIST
BENEFIT PRECISELY MY BRWPNCL DST3.5NTRLMDMBRN1S(#13896,BENEFIT,PRECISLY MY BRW PNCL
BENEFIT PRECISELY MY BRWPNCL DOSET 03WMLTBRWN1S(#13895,BENEFIT,PRECISLY MY BRW PNCL
BENEFIT PRECISELY MY BRWPNCL DOSET 04WRMDPBRN1S(#13897,BENEFIT,PRECISLY MY BRW PNCL
BENEFIT PRECISELY MY BRWPNCL DUOSET 2WMGLDBLD1S(#13892,BENEFIT,PRECISLY MY BRW PNCL
CREST PRO HEALTH WHITENING GEL FLUORIDE 5X130ML,CREST,PRO HEALTH
SINFUL COLORS PROFESSIONAL 955 PULL OVER 1S (#00010),SINFUL COLORS,PROFESSIONAL
CO OP PURE CHEESE PROTEIN TWISTS 170GM (CL),CO OP,PURE
ESTEE LAUDER PURE CLR ENVY SCLP LS 535PRTYVN 1S(#49565,ESTEE LAUDER,PURE COLOUR
FINISH QUANTUM FRESH TABLETS 30S 498GM SET IN PACK,FINISH,QUANTUM
NO 7 RADIANT RESULTS NRSHNG MLTG GLCLNSR 150ML(#33424),NO 7,RADIANT RESULTS
CHRISTIAN DIOR ROUGE DIOR MATTE LS 895 1S (#53757),CHRISTIAN DIOR,ROUGE DIOR
CHRISTIAN DIOR ROUGE DIOR EXTMT LS RFL 300ND1S (#61815,CHRISTIAN DIOR,ROUGE DIOR
CHRISTIAN DIOR ROUGE DIOR EXTRA MAT LIPSTICK REFILL 1S,CHRISTIAN DIOR,ROUGE DIOR
STILA SHIMMER & GLOW LIQUID DYNAMIC 1S (#36102),STILA,SHIMMER & GLOW
CLARINS SOS PRIMER 05 LAVENDER 1S (#00780),CLARINS,SOS
CHANEL SUBLIMAGE LA BRM INTNS RVTLZNGMST TNR RFL3X18ML,CHANEL,SUBLIMAGE
SHISEIDO SYNCHRO SKIN SELF RFRSHNG TINT 515 1S(#17136),SHISEIDO,SYNCHRO SKIN
BUTTER LONDON TEDDY GIRL PALETTE 1S (#03585),BUTTER LONDON,TEDDY GIRL
BUTTER LONDON TEDDY GIRL PALETTE 1S,BUTTER LONDON,TEDDY GIRL
ROYALE TIGER CAS WHITE 2PLY 6S 123SHEETS 14.9CM,ROYALE,TIGER
ROYALE TIGER CAS WHITE 2PLY 6S 66SHEETS 14.9CM,ROYALE,TIGER
ROYALE TIGER CAS WHITE 2PLY 2S 123SHEETS 14.9CM,ROYALE,TIGER
ROYALE TIGER FULL SHEET WHITE 2PLY 6S 64SHEETS 25.9CM,ROYALE,TIGER
ROYALE TIGER CAS WHITE 2PLY 3S 98SHEETS 14.9CM,ROYALE,TIGER
ROYALE TIGER CAS WHITE 2PLY 2S 147SHEETS 13.7CM,ROYALE,TIGER
ROYALE TIGER CAS WHITE 2PLY 6S 98SHEETS 14.9CM,ROYALE,TIGER
ROYALE TIGER CAS WHITE 2PLY 12S 74SHEETS 14.9CM,ROYALE,TIGER
ROYALE TIGER CAS WHITE 2PLY 1S 123SHEETS 14.9CM,ROYALE,TIGER
ROYALE TIGER CAS WHITE 2PLY 3S 82SHEETS 14.9CM,ROYALE,TIGER
ROYALE TIGER CAS WHITE 2PLY 2S 133SHEETS 13.7CM,ROYALE,TIGER
ROYALE TIGER FULL SHEET WHITE 2PLY 3S 64SHEETS 25.9CM,ROYALE,TIGER
ROYALE TIGER CAS WHITE 2PLY 6S 98SHEETS 13.7CM,ROYALE,TIGER
ROYALE TIGER CAS WHITE BDL 2PLY 12S 74SHEETS 14.9CM,ROYALE,TIGER
KLEENEX ULTRA SOFT WHITE 3PLY 72S,KLEENEX,ULTRA SOFT
CAUDALIE VINOSCULPT LIFT & FIRM BODY CREAM 250ML#00365,CAUDALIE,VINOSCULPT
